행정구역,2023년01월_총인구수,2023년01월_세대수,2023년01월_세대당 인구,2023년01월_남자 인구수,2023년01월_여자 인구수,2023년01월_남여 비율,2023년02월_총인구수,2023년02월_세대수,2023년02월_세대당 인구,2023년02월_남자 인구수,2023년02월_여자 인구수,2023년02월_남여 비율,2023년03월_총인구수,2023년03월_세대수,2023년03월_세대당 인구,2023년03월_남자 인구수,2023년03월_여자 인구수,2023년03월_남여 비율,2023년04월_총인구수,2023년04월_세대수,2023년04월_세대당 인구,2023년04월_남자 인구수,2023년04월_여자 인구수,2023년04월_남여 비율,2023년05월_총인구수,2023년05월_세대수,2023년05월_세대당 인구,2023년05월_남자 인구수,2023년05월_여자 인구수,2023년05월_남여 비율,2023년06월_총인구수,2023년06월_세대수,2023년06월_세대당 인구,2023년06월_남자 인구수,2023년06월_여자 인구수,2023년06월_남여 비율,2023년07월_총인구수,2023년07월_세대수,2023년07월_세대당 인구,2023년07월_남자 인구수,2023년07월_여자 인구수,2023년07월_남여 비율,2023년08월_총인구수,2023년08월_세대수,2023년08월_세대당 인구,2023년08월_남자 인구수,2023년08월_여자 인구수,2023년08월_남여 비율,2023년09월_총인구수,2023년09월_세대수,2023년09월_세대당 인구,2023년09월_남자 인구수,2023년09월_여자 인구수,2023년09월_남여 비율,2023년10월_총인구수,2023년10월_세대수,2023년10월_세대당 인구,2023년10월_남자 인구수,2023년10월_여자 인구수,2023년10월_남여 비율,2023년11월_총인구수,2023년11월_세대수,2023년11월_세대당 인구,2023년11월_남자 인구수,2023년11월_여자 인구수,2023년11월_남여 비율,2023년12월_총인구수,2023년12월_세대수,2023년12월_세대당 인구,2023년12월_남자 인구수,2023년12월_여자 인구수,2023년12월_남여 비율,2024년01월_총인구수,2024년01월_세대수,2024년01월_세대당 인구,2024년01월_남자 인구수,2024년01월_여자 인구수,2024년01월_남여 비율,2024년02월_총인구수,2024년02월_세대수,2024년02월_세대당 인구,2024년02월_남자 인구수,2024년02월_여자 인구수,2024년02월_남여 비율,2024년03월_총인구수,2024년03월_세대수,2024년03월_세대당 인구,2024년03월_남자 인구수,2024년03월_여자 인구수,2024년03월_남여 비율,2024년04월_총인구수,2024년04월_세대수,2024년04월_세대당 인구,2024년04월_남자 인구수,2024년04월_여자 인구수,2024년04월_남여 비율,2024년05월_총인구수,2024년05월_세대수,2024년05월_세대당 인구,2024년05월_남자 인구수,2024년05월_여자 인구수,2024년05월_남여 비율,2024년06월_총인구수,2024년06월_세대수,2024년06월_세대당 인구,2024년06월_남자 인구수,2024년06월_여자 인구수,2024년06월_남여 비율,2024년07월_총인구수,2024년07월_세대수,2024년07월_세대당 인구,2024년07월_남자 인구수,2024년07월_여자 인구수,2024년07월_남여 비율,2024년08월_총인구수,2024년08월_세대수,2024년08월_세대당 인구,2024년08월_남자 인구수,2024년08월_여자 인구수,2024년08월_남여 비율,2024년09월_총인구수,2024년09월_세대수,2024년09월_세대당 인구,2024년09월_남자 인구수,2024년09월_여자 인구수,2024년09월_남여 비율,2024년10월_총인구수,2024년10월_세대수,2024년10월_세대당 인구,2024년10월_남자 인구수,2024년10월_여자 인구수,2024년10월_남여 비율,2024년11월_총인구수,2024년11월_세대수,2024년11월_세대당 인구,2024년11월_남자 인구수,2024년11월_여자 인구수,2024년11월_남여 비율,2024년12월_총인구수,2024년12월_세대수,2024년12월_세대당 인구,2024년12월_남자 인구수,2024년12월_여자 인구수,2024년12월_남여 비율,2025년01월_총인구수,2025년01월_세대수,2025년01월_세대당 인구,2025년01월_남자 인구수,2025년01월_여자 인구수,2025년01월_남여 비율
서울특별시  (1100000000),"9,424,873","4,447,861",2.12,"4,567,739","4,857,134",0.94,"9,427,583","4,457,982",2.11,"4,567,957","4,859,626",0.94,"9,426,404","4,463,385",2.11,"4,566,299","4,860,105",0.94,"9,422,710","4,465,391",2.11,"4,563,512","4,859,198",0.94,"9,418,885","4,467,999",2.11,"4,560,702","4,858,183",0.94,"9,414,093","4,469,158",2.11,"4,557,609","4,856,484",0.94,"9,411,260","4,471,174",2.1,"4,555,784","4,855,476",0.94,"9,409,466","4,473,734",2.1,"4,554,020","4,855,446",0.94,"9,407,540","4,475,726",2.1,"4,552,501","4,855,039",0.94,"9,400,249","4,472,603",2.1,"4,548,150","4,852,099",0.94,"9,390,925","4,469,374",2.1,"4,543,055","4,847,870",0.94,"9,386,034","4,469,417",2.1,"4,540,031","4,846,003",0.94,"9,384,325","4,471,017",2.1,"4,538,354","4,845,971",0.94,"9,386,705","4,480,607",2.09,"4,538,306","4,848,399",0.94,"9,384,739","4,485,819",2.09,"4,536,128","4,848,611",0.94,"9,378,269","4,486,137",2.09,"4,532,115","4,846,154",0.94,"9,371,930","4,486,224",2.09,"4,528,234","4,843,696",0.93,"9,366,283","4,486,014",2.09,"4,524,862","4,841,421",0.93,"9,360,400","4,486,857",2.09,"4,521,316","4,839,084",0.93,"9,355,801","4,487,525",2.08,"4,518,536","4,837,265",0.93,"9,350,995","4,487,671",2.08,"4,515,791","4,835,204",0.93,"9,343,304","4,484,218",2.08,"4,511,734","4,831,570",0.93,"9,335,495","4,481,533",2.08,"4,507,664","4,827,831",0.93,"9,331,828","4,482,063",2.08,"4,505,355","4,826,473",0.93,"9,330,658","4,482,949",2.08,"4,504,432","4,826,226",0.93
서울특별시 종로구 (1111000000),"141,223","72,479",1.95,"68,314","72,909",0.94,"141,433","72,773",1.94,"68,399","73,034",0.94,"141,060","72,679",1.94,"68,170","72,890",0.94,"140,891","72,644",1.94,"68,079","72,812",0.93,"140,601","72,584",1.94,"67,923","72,678",0.93,"140,397","72,507",1.94,"67,834","72,563",0.93,"140,206","72,440",1.94,"67,747","72,459",0.93,"140,032","72,381",1.93,"67,682","72,350",0.94,"139,945","72,304",1.94,"67,625","72,320",0.94,"139,606","72,132",1.94,"67,466","72,140",0.94,"139,497","72,060",1.94,"67,393","72,104",0.93,"139,417","72,067",1.93,"67,306","72,111",0.93,"139,378","72,101",1.93,"67,240","72,138",0.93,"139,471","72,294",1.93,"67,266","72,205",0.93,"139,498","72,404",1.93,"67,228","72,270",0.93,"139,432","72,479",1.92,"67,138","72,294",0.93,"139,343","72,475",1.92,"67,105","72,238",0.93,"139,189","72,394",1.92,"67,005","72,184",0.93,"139,093","72,429",1.92,"66,956","72,137",0.93,"138,929","72,377",1.92,"66,851","72,078",0.93,"138,879","72,341",1.92,"66,846","72,033",0.93,"138,760","72,248",1.92,"66,783","71,977",0.93,"138,577","72,230",1.92,"66,673","71,904",0.93,"138,336","72,166",1.92,"66,570","71,766",0.93,"138,208","72,156",1.92,"66,514","71,694",0.93
서울특별시 중구 (1114000000),"120,317","63,123",1.91,"58,443","61,874",0.94,"120,555","63,492",1.9,"58,557","61,998",0.94,"120,963","63,862",1.89,"58,699","62,264",0.94,"121,250","64,081",1.89,"58,806","62,444",0.94,"121,346","64,260",1.89,"58,845","62,501",0.94,"121,441","64,375",1.89,"58,857","62,584",0.94,"121,460","64,465",1.88,"58,899","62,561",0.94,"121,482","64,558",1.88,"58,840","62,642",0.94,"121,405","64,609",1.88,"58,788","62,617",0.94,"121,300","64,590",1.88,"58,720","62,580",0.94,"121,230","64,586",1.88,"58,631","62,599",0.94,"121,312","64,714",1.87,"58,659","62,653",0.94,"121,322","64,758",1.87,"58,651","62,671",0.94,"121,419","64,972",1.87,"58,711","62,708",0.94,"121,602","65,132",1.87,"58,767","62,835",0.94,"121,607","65,225",1.86,"58,737","62,870",0.93,"121,531","65,230",1.86,"58,673","62,858",0.93,"121,475","65,273",1.86,"58,582","62,893",0.93,"121,407","65,338",1.86,"58,546","62,861",0.93,"121,419","65,373",1.86,"58,512","62,907",0.93,"121,324","65,378",1.86,"58,447","62,877",0.93,"121,224","65,316",1.86,"58,405","62,819",0.93,"120,931","65,120",1.86,"58,247","62,684",0.93,"120,544","64,995",1.85,"58,015","62,529",0.93,"120,325","64,933",1.85,"57,948","62,377",0.93
서울특별시 용산구 (1117000000),"218,412","109,734",1.99,"104,974","113,438",0.93,"218,175","109,778",1.99,"104,860","113,315",0.93,"217,756","109,735",1.98,"104,640","113,116",0.93,"217,611","109,712",1.98,"104,580","113,031",0.93,"217,438","109,717",1.98,"104,495","112,943",0.93,"217,288","109,679",1.98,"104,357","112,931",0.92,"217,042","109,674",1.98,"104,221","112,821",0.92,"216,547","109,527",1.98,"103,993","112,554",0.92,"216,152","109,360",1.98,"103,804","112,348",0.92,"215,397","108,907",1.98,"103,398","111,999",0.92,"214,381","108,381",1.98,"102,925","111,456",0.92,"213,151","107,825",1.98,"102,312","110,839",0.92,"212,175","107,328",1.98,"101,793","110,382",0.92,"211,247","106,972",1.97,"101,262","109,985",0.92,"209,849","106,272",1.97,"100,488","109,361",0.92,"207,969","105,240",1.98,"99,566","108,403",0.92,"206,475","104,367",1.98,"98,813","107,662",0.92,"206,061","104,187",1.98,"98,564","107,497",0.92,"205,603","104,057",1.98,"98,357","107,246",0.92,"205,390","103,992",1.98,"98,242","107,148",0.92,"205,145","103,860",1.98,"98,118","107,027",0.92,"204,463","103,504",1.98,"97,840","106,623",0.92,"204,079","103,335",1.97,"97,628","106,451",0.92,"203,854","103,241",1.97,"97,469","106,385",0.92,"203,727","103,204",1.97,"97,392","106,335",0.92
서울특별시 성동구 (1120000000),"280,707","133,293",2.11,"136,442","144,265",0.95,"280,474","133,517",2.1,"136,361","144,113",0.95,"280,240","133,513",2.1,"136,233","144,007",0.95,"279,980","133,503",2.1,"136,059","143,921",0.95,"279,760","133,551",2.09,"135,931","143,829",0.95,"279,374","133,484",2.09,"135,723","143,651",0.94,"279,142","133,464",2.09,"135,562","143,580",0.94,"278,750","133,433",2.09,"135,346","143,404",0.94,"278,366","133,366",2.09,"135,143","143,223",0.94,"278,035","133,253",2.09,"134,979","143,056",0.94,"277,701","133,178",2.09,"134,760","142,941",0.94,"277,361","133,089",2.08,"134,519","142,842",0.94,"277,090","132,985",2.08,"134,390","142,700",0.94,"276,952","133,197",2.08,"134,278","142,674",0.94,"276,964","133,374",2.08,"134,232","142,732",0.94,"276,847","133,297",2.08,"134,161","142,686",0.94,"276,767","133,325",2.08,"134,096","142,671",0.94,"276,597","133,233",2.08,"133,939","142,658",0.94,"276,194","133,102",2.08,"133,758","142,436",0.94,"275,778","132,969",2.07,"133,520","142,258",0.94,"275,403","132,856",2.07,"133,271","142,132",0.94,"274,966","132,615",2.07,"133,097","141,869",0.94,"274,287","132,248",2.07,"132,769","141,518",0.94,"273,669","131,953",2.07,"132,409","141,260",0.94,"273,549","131,857",2.07,"132,354","141,195",0.94
서울특별시 광진구 (1121500000),"337,258","169,416",1.99,"162,460","174,798",0.93,"337,071","169,648",1.99,"162,329","174,742",0.93,"336,801","169,787",1.98,"162,209","174,592",0.93,"336,558","169,725",1.98,"162,071","174,487",0.93,"336,580","169,950",1.98,"162,020","174,560",0.93,"336,169","169,857",1.98,"161,755","174,414",0.93,"336,141","169,935",1.98,"161,729","174,412",0.93,"336,446","170,210",1.98,"161,828","174,618",0.93,"336,604","170,388",1.98,"161,892","174,712",0.93,"336,294","170,271",1.98,"161,662","174,632",0.93,"335,854","170,152",1.97,"161,430","174,424",0.93,"335,554","170,077",1.97,"161,277","174,277",0.93,"335,335","170,093",1.97,"161,154","174,181",0.93,"335,200","170,409",1.97,"161,022","174,178",0.92,"335,105","170,557",1.96,"160,888","174,217",0.92,"334,790","170,588",1.96,"160,670","174,120",0.92,"334,421","170,508",1.96,"160,473","173,948",0.92,"334,159","170,469",1.96,"160,329","173,830",0.92,"333,946","170,439",1.96,"160,153","173,793",0.92,"333,724","170,449",1.96,"160,056","173,668",0.92,"333,403","170,383",1.96,"159,948","173,455",0.92,"332,942","170,233",1.96,"159,732","173,210",0.92,"332,571","170,110",1.96,"159,576","172,995",0.92,"331,963","169,931",1.95,"159,237","172,726",0.92,"331,589","169,878",1.95,"158,992","172,597",0.92
서울특별시 동대문구 (1123000000),"336,415","169,716",1.98,"165,657","170,758",0.97,"337,293","170,766",1.98,"165,962","171,331",0.97,"337,574","171,140",1.97,"165,933","171,641",0.97,"337,692","171,288",1.97,"165,936","171,756",0.97,"337,680","171,388",1.97,"165,868","171,812",0.97,"338,115","171,703",1.97,"166,040","172,075",0.96,"338,657","171,945",1.97,"166,298","172,359",0.96,"340,333","172,680",1.97,"167,083","173,250",0.96,"341,238","173,091",1.97,"167,468","173,770",0.96,"341,521","173,003",1.97,"167,569","173,952",0.96,"341,510","172,934",1.97,"167,556","173,954",0.96,"341,149","172,801",1.97,"167,346","173,803",0.96,"340,983","172,756",1.97,"167,230","173,753",0.96,"341,620","173,590",1.97,"167,462","174,158",0.96,"341,987","174,010",1.97,"167,574","174,413",0.96,"341,981","174,086",1.96,"167,523","174,458",0.96,"341,680","174,045",1.96,"167,318","174,362",0.96,"341,345","173,903",1.96,"167,147","174,198",0.96,"341,086","173,860",1.96,"166,970","174,116",0.96,"340,893","173,942",1.96,"166,825","174,068",0.96,"340,686","173,878",1.96,"166,693","173,993",0.96,"340,299","173,654",1.96,"166,445","173,854",0.96,"339,611","173,296",1.96,"166,095","173,516",0.96,"338,735","172,840",1.96,"165,620","173,115",0.96,"338,822","172,811",1.96,"165,648","173,174",0.96
서울특별시 중랑구 (1126000000),"385,097","187,489",2.05,"189,367","195,730",0.97,"385,129","187,776",2.05,"189,306","195,823",0.97,"385,003","187,898",2.05,"189,186","195,817",0.97,"384,867","187,977",2.05,"189,099","195,768",0.97,"384,650","188,020",2.05,"189,019","195,631",0.97,"384,272","187,981",2.04,"188,744","195,528",0.97,"383,687","187,978",2.04,"188,446","195,241",0.97,"383,072","187,877",2.04,"188,091","194,981",0.96,"382,797","187,900",2.04,"187,844","194,953",0.96,"382,390","187,858",2.04,"187,618","194,772",0.96,"381,858","187,680",2.03,"187,262","194,596",0.96,"382,155","188,097",2.03,"187,372","194,783",0.96,"382,284","188,277",2.03,"187,392","194,892",0.96,"382,322","188,620",2.03,"187,319","195,003",0.96,"381,966","188,653",2.02,"187,102","194,864",0.96,"381,668","188,694",2.02,"186,915","194,753",0.96,"381,498","188,736",2.02,"186,797","194,701",0.96,"381,126","188,664",2.02,"186,600","194,526",0.96,"380,912","188,789",2.02,"186,434","194,478",0.96,"380,612","188,826",2.02,"186,248","194,364",0.96,"380,353","188,803",2.01,"186,052","194,301",0.96,"379,977","188,737",2.01,"185,834","194,143",0.96,"379,541","188,637",2.01,"185,591","193,950",0.96,"379,274","188,651",2.01,"185,473","193,801",0.96,"378,971","188,637",2.01,"185,333","193,638",0.96
서울특별시 성북구 (1129000000),"429,967","196,936",2.18,"206,716","223,251",0.93,"430,170","197,673",2.18,"206,753","223,417",0.93,"430,100","197,859",2.17,"206,634","223,466",0.92,"429,751","197,801",2.17,"206,367","223,384",0.92,"429,689","197,906",2.17,"206,319","223,370",0.92,"429,142","197,831",2.17,"206,043","223,099",0.92,"428,507","197,686",2.17,"205,714","222,793",0.92,"428,122","197,673",2.17,"205,537","222,585",0.92,"427,671","197,607",2.16,"205,245","222,426",0.92,"426,892","197,271",2.16,"204,851","222,041",0.92,"426,276","197,041",2.16,"204,546","221,730",0.92,"425,602","196,800",2.16,"204,171","221,431",0.92,"424,916","196,512",2.16,"203,824","221,092",0.92,"424,853","197,012",2.16,"203,753","221,100",0.92,"424,881","197,445",2.15,"203,700","221,181",0.92,"424,663","197,440",2.15,"203,536","221,127",0.92,"424,315","197,353",2.15,"203,357","220,958",0.92,"424,194","197,371",2.15,"203,323","220,871",0.92,"423,846","197,324",2.15,"203,182","220,664",0.92,"423,742","197,429",2.15,"203,148","220,594",0.92,"423,439","197,414",2.14,"202,975","220,464",0.92,"422,696","196,991",2.15,"202,624","220,072",0.92,"422,141","196,744",2.15,"202,309","219,832",0.92,"421,560","196,485",2.15,"202,003","219,557",0.92,"420,710","196,178",2.14,"201,577","219,133",0.92
서울특별시 강북구 (1130500000),"293,313","144,275",2.03,"142,435","150,878",0.94,"293,119","144,506",2.03,"142,254","150,865",0.94,"292,762","144,557",2.03,"142,028","150,734",0.94,"292,383","144,559",2.02,"141,837","150,546",0.94,"291,959","144,577",2.02,"141,577","150,382",0.94,"291,384","144,447",2.02,"141,302","150,082",0.94,"291,025","144,427",2.02,"141,112","149,913",0.94,"290,583","144,345",2.01,"140,828","149,755",0.94,"290,155","144,269",2.01,"140,589","149,566",0.94,"289,372","143,963",2.01,"140,185","149,187",0.94,"288,735","143,796",2.01,"139,850","148,885",0.94,"288,113","143,560",2.01,"139,514","148,599",0.94,"287,490","143,411",2,"139,141","148,349",0.94,"287,040","143,405",2,"138,846","148,194",0.94,"286,400","143,338",2,"138,474","147,926",0.94,"285,880","143,238",2,"138,198","147,682",0.94,"285,532","143,175",1.99,"138,021","147,511",0.94,"285,054","143,075",1.99,"137,733","147,321",0.93,"284,579","143,059",1.99,"137,469","147,110",0.93,"284,193","143,027",1.99,"137,212","146,981",0.93,"284,313","143,163",1.99,"137,246","147,067",0.93,"284,255","143,204",1.98,"137,168","147,087",0.93,"283,934","143,105",1.98,"136,992","146,942",0.93,"283,597","143,063",1.98,"136,789","146,808",0.93,"283,293","143,035",1.98,"136,674","146,619",0.93
서울특별시 도봉구 (1132000000),"311,260","138,331",2.25,"151,168","160,092",0.94,"310,853","138,384",2.25,"150,964","159,889",0.94,"310,509","138,376",2.24,"150,806","159,703",0.94,"310,023","138,314",2.24,"150,535","159,488",0.94,"309,622","138,289",2.24,"150,317","159,305",0.94,"308,986","138,188",2.24,"150,001","158,985",0.94,"308,447","138,069",2.23,"149,718","158,729",0.94,"307,968","138,102",2.23,"149,408","158,560",0.94,"307,740","138,210",2.23,"149,281","158,459",0.94,"307,470","138,223",2.22,"149,132","158,338",0.94,"307,070","138,161",2.22,"148,907","158,163",0.94,"306,948","138,261",2.22,"148,796","158,152",0.94,"306,722","138,373",2.22,"148,670","158,052",0.94,"306,542","138,626",2.21,"148,545","157,997",0.94,"306,346","138,756",2.21,"148,366","157,980",0.94,"306,057","138,829",2.2,"148,216","157,841",0.94,"305,658","138,790",2.2,"147,971","157,687",0.94,"305,400","138,849",2.2,"147,847","157,553",0.94,"305,091","138,902",2.2,"147,675","157,416",0.94,"304,641","138,846",2.19,"147,473","157,168",0.94,"304,255","138,862",2.19,"147,261","156,994",0.94,"303,925","138,795",2.19,"147,082","156,843",0.94,"303,468","138,759",2.19,"146,848","156,620",0.94,"303,228","138,759",2.19,"146,696","156,532",0.94,"303,057","138,769",2.18,"146,548","156,509",0.94
서울특별시 노원구 (1135000000),"502,835","217,160",2.32,"241,694","261,141",0.93,"502,820","217,926",2.31,"241,743","261,077",0.93,"502,515","218,341",2.3,"241,532","260,983",0.93,"501,838","218,262",2.3,"241,168","260,670",0.93,"501,237","218,187",2.3,"240,844","260,393",0.92,"500,104","217,858",2.3,"240,221","259,883",0.92,"500,094","218,003",2.29,"240,150","259,944",0.92,"499,908","218,087",2.29,"240,063","259,845",0.92,"499,989","218,367",2.29,"240,084","259,905",0.92,"499,553","218,280",2.29,"239,787","259,766",0.92,"498,976","218,106",2.29,"239,508","259,468",0.92,"498,213","217,904",2.29,"239,117","259,096",0.92,"497,237","217,446",2.29,"238,609","258,628",0.92,"497,097","218,042",2.28,"238,504","258,593",0.92,"497,064","218,665",2.27,"238,492","258,572",0.92,"496,406","218,585",2.27,"238,110","258,296",0.92,"495,847","218,529",2.27,"237,794","258,053",0.92,"495,183","218,369",2.27,"237,415","257,768",0.92,"494,451","218,265",2.27,"237,042","257,409",0.92,"493,880","218,179",2.26,"236,727","257,153",0.92,"493,486","218,362",2.26,"236,548","256,938",0.92,"492,544","218,074",2.26,"236,091","256,453",0.92,"492,072","217,971",2.26,"235,878","256,194",0.92,"491,247","217,743",2.26,"235,464","255,783",0.92,"490,307","217,328",2.26,"234,936","255,371",0.92
서울특별시 은평구 (1138000000),"466,237","213,924",2.18,"222,263","243,974",0.91,"465,627","214,070",2.18,"221,790","243,837",0.91,"464,871","213,989",2.17,"221,350","243,521",0.91,"464,217","213,907",2.17,"220,904","243,313",0.91,"463,612","213,830",2.17,"220,559","243,053",0.91,"463,298","213,827",2.17,"220,342","242,956",0.91,"463,702","214,175",2.17,"220,452","243,250",0.91,"465,977","215,200",2.17,"221,459","244,518",0.91,"467,098","215,776",2.16,"221,977","245,121",0.91,"467,124","215,694",2.17,"221,903","245,221",0.9,"466,968","215,700",2.16,"221,801","245,167",0.9,"466,770","215,721",2.16,"221,725","245,045",0.9,"466,474","215,799",2.16,"221,484","244,990",0.9,"466,061","216,075",2.16,"221,201","244,860",0.9,"466,007","216,340",2.15,"221,117","244,890",0.9,"465,660","216,381",2.15,"220,905","244,755",0.9,"465,307","216,412",2.15,"220,684","244,623",0.9,"464,738","216,345",2.15,"220,328","244,410",0.9,"464,004","216,249",2.15,"219,908","244,096",0.9,"463,274","216,023",2.14,"219,475","243,799",0.9,"462,514","215,784",2.14,"219,045","243,469",0.9,"461,788","215,485",2.14,"218,678","243,110",0.9,"461,086","215,203",2.14,"218,310","242,776",0.9,"460,919","215,305",2.14,"218,214","242,705",0.9,"460,738","215,398",2.14,"218,101","242,637",0.9
서울특별시 서대문구 (1141000000),"307,277","146,183",2.1,"146,294","160,983",0.91,"308,194","146,908",2.1,"146,671","161,523",0.91,"308,437","147,146",2.1,"146,732","161,705",0.91,"308,338","147,183",2.09,"146,684","161,654",0.91,"308,208","147,197",2.09,"146,572","161,636",0.91,"308,122","147,226",2.09,"146,570","161,552",0.91,"307,870","147,184",2.09,"146,409","161,461",0.91,"307,672","147,271",2.09,"146,292","161,380",0.91,"307,441","147,333",2.09,"146,119","161,322",0.91,"306,927","147,074",2.09,"145,820","161,107",0.91,"306,594","146,938",2.09,"145,615","160,979",0.9,"306,231","146,845",2.09,"145,404","160,827",0.9,"305,857","146,787",2.08,"145,212","160,645",0.9,"305,909","147,225",2.08,"145,181","160,728",0.9,"305,986","147,467",2.07,"145,110","160,876",0.9,"306,001","147,508",2.07,"145,109","160,892",0.9,"305,695","147,475",2.07,"144,886","160,809",0.9,"305,369","147,312",2.07,"144,660","160,709",0.9,"305,056","147,262",2.07,"144,503","160,553",0.9,"304,781","147,166",2.07,"144,413","160,368",0.9,"304,523","147,107",2.07,"144,288","160,235",0.9,"303,912","146,735",2.07,"143,979","159,933",0.9,"303,453","146,502",2.07,"143,714","159,739",0.9,"302,853","146,221",2.07,"143,412","159,441",0.9,"302,297","145,914",2.07,"143,239","159,058",0.9
서울특별시 마포구 (1144000000),"364,938","180,302",2.02,"171,114","193,824",0.88,"365,447","180,807",2.02,"171,284","194,163",0.88,"365,570","181,034",2.02,"171,215","194,355",0.88,"365,287","180,976",2.02,"171,058","194,229",0.88,"365,283","181,093",2.02,"170,922","194,361",0.88,"365,111","181,097",2.02,"170,813","194,298",0.88,"364,978","181,163",2.01,"170,734","194,244",0.88,"364,573","181,177",2.01,"170,455","194,118",0.88,"364,257","181,192",2.01,"170,296","193,961",0.88,"363,953","181,052",2.01,"170,141","193,812",0.88,"363,862","181,058",2.01,"170,111","193,751",0.88,"363,697","181,090",2.01,"169,990","193,707",0.88,"363,679","181,156",2.01,"169,882","193,797",0.88,"363,615","181,532",2,"169,828","193,787",0.88,"363,645","181,745",2,"169,745","193,900",0.88,"363,449","181,710",2,"169,555","193,894",0.87,"363,168","181,641",2,"169,399","193,769",0.87,"363,029","181,651",2,"169,292","193,737",0.87,"362,983","181,755",2,"169,199","193,784",0.87,"362,819","181,745",2,"169,088","193,731",0.87,"362,564","181,686",2,"168,948","193,616",0.87,"362,006","181,434",2,"168,652","193,354",0.87,"361,841","181,281",2,"168,544","193,297",0.87,"361,417","181,135",2,"168,356","193,061",0.87,"360,981","180,980",1.99,"168,088","192,893",0.87
서울특별시 양천구 (1147000000),"440,631","181,189",2.43,"215,557","225,074",0.96,"440,042","181,177",2.43,"215,195","224,847",0.96,"439,219","181,072",2.43,"214,703","224,516",0.96,"438,848","181,057",2.42,"214,455","224,393",0.96,"438,641","181,169",2.42,"214,331","224,310",0.96,"438,353","181,210",2.42,"214,173","224,180",0.96,"438,125","181,264",2.42,"213,992","224,133",0.95,"437,665","181,139",2.42,"213,802","223,863",0.96,"437,401","181,072",2.42,"213,648","223,753",0.95,"437,199","181,038",2.41,"213,482","223,717",0.95,"436,475","180,794",2.41,"213,092","223,383",0.95,"436,028","180,695",2.41,"212,835","223,193",0.95,"435,548","180,615",2.41,"212,547","223,001",0.95,"435,278","180,685",2.41,"212,392","222,886",0.95,"434,528","180,619",2.41,"212,015","222,513",0.95,"433,975","180,585",2.4,"211,634","222,341",0.95,"433,594","180,672",2.4,"211,399","222,195",0.95,"433,307","180,679",2.4,"211,254","222,053",0.95,"432,975","180,617",2.4,"211,102","221,873",0.95,"432,740","180,629",2.4,"210,980","221,760",0.95,"432,523","180,600",2.39,"210,874","221,649",0.95,"432,169","180,500",2.39,"210,762","221,407",0.95,"431,623","180,315",2.39,"210,547","221,076",0.95,"430,976","180,209",2.39,"210,199","220,777",0.95,"430,618","180,118",2.39,"209,958","220,660",0.95
서울특별시 강서구 (1150000000),"568,805","273,804",2.08,"272,926","295,879",0.92,"568,666","274,186",2.07,"272,826","295,840",0.92,"568,287","274,283",2.07,"272,693","295,594",0.92,"567,883","274,428",2.07,"272,404","295,479",0.92,"567,237","274,425",2.07,"272,061","295,176",0.92,"566,839","274,521",2.06,"271,822","295,017",0.92,"566,333","274,601",2.06,"271,536","294,797",0.92,"565,195","274,426",2.06,"270,918","294,277",0.92,"564,339","274,249",2.06,"270,491","293,848",0.92,"563,663","274,032",2.06,"270,136","293,527",0.92,"563,575","274,100",2.06,"270,108","293,467",0.92,"563,058","274,084",2.05,"269,822","293,236",0.92,"562,550","274,034",2.05,"269,623","292,927",0.92,"562,067","274,285",2.05,"269,286","292,781",0.92,"561,386","274,326",2.05,"268,922","292,464",0.92,"560,679","274,226",2.04,"268,551","292,128",0.92,"560,097","274,205",2.04,"268,280","291,817",0.92,"559,335","274,010",2.04,"267,927","291,408",0.92,"558,637","273,897",2.04,"267,547","291,090",0.92,"557,998","273,913",2.04,"267,204","290,794",0.92,"557,662","274,044",2.03,"267,019","290,643",0.92,"557,655","274,222",2.03,"267,015","290,640",0.92,"557,095","274,062",2.03,"266,725","290,370",0.92,"556,171","273,911",2.03,"266,237","289,934",0.92,"555,518","273,773",2.03,"265,867","289,651",0.92
서울특별시 구로구 (1153000000),"395,461","183,910",2.15,"194,304","201,157",0.97,"395,422","184,142",2.15,"194,182","201,240",0.96,"395,183","184,268",2.14,"194,039","201,144",0.96,"395,099","184,388",2.14,"193,938","201,161",0.96,"394,973","184,498",2.14,"193,810","201,163",0.96,"394,833","184,546",2.14,"193,729","201,104",0.96,"394,746","184,616",2.14,"193,696","201,050",0.96,"394,363","184,484",2.14,"193,517","200,846",0.96,"393,929","184,467",2.14,"193,258","200,671",0.96,"393,459","184,272",2.14,"192,957","200,502",0.96,"392,967","184,188",2.13,"192,669","200,298",0.96,"392,405","184,096",2.13,"192,341","200,064",0.96,"392,311","184,161",2.13,"192,252","200,059",0.96,"391,671","184,226",2.13,"191,937","199,734",0.96,"391,387","184,333",2.12,"191,789","199,598",0.96,"390,952","184,234",2.12,"191,538","199,414",0.96,"390,520","184,156",2.12,"191,355","199,165",0.96,"390,169","184,097",2.12,"191,177","198,992",0.96,"389,869","184,076",2.12,"190,917","198,952",0.96,"389,561","184,064",2.12,"190,726","198,835",0.96,"389,416","184,161",2.11,"190,695","198,721",0.96,"388,823","183,958",2.11,"190,367","198,456",0.96,"388,488","183,917",2.11,"190,209","198,279",0.96,"388,169","183,891",2.11,"189,991","198,178",0.96,"387,510","183,840",2.11,"189,651","197,859",0.96
서울특별시 금천구 (1154500000),"229,499","119,672",1.92,"115,743","113,756",1.02,"229,395","119,830",1.91,"115,635","113,760",1.02,"229,307","120,051",1.91,"115,624","113,683",1.02,"229,328","120,274",1.91,"115,578","113,750",1.02,"229,251","120,423",1.9,"115,453","113,798",1.01,"229,235","120,578",1.9,"115,396","113,839",1.01,"229,086","120,628",1.9,"115,339","113,747",1.01,"228,858","120,696",1.9,"115,190","113,668",1.01,"228,611","120,650",1.89,"115,038","113,573",1.01,"228,274","120,555",1.89,"114,845","113,429",1.01,"227,701","120,312",1.89,"114,552","113,149",1.01,"227,481","120,381",1.89,"114,414","113,067",1.01,"227,457","120,610",1.89,"114,471","112,986",1.01,"227,268","120,822",1.88,"114,348","112,920",1.01,"227,160","120,985",1.88,"114,278","112,882",1.01,"226,955","121,117",1.87,"114,184","112,771",1.01,"226,811","121,188",1.87,"114,086","112,725",1.01,"226,672","121,223",1.87,"114,031","112,641",1.01,"226,526","121,238",1.87,"113,920","112,606",1.01,"226,290","121,251",1.87,"113,763","112,527",1.01,"226,003","121,224",1.86,"113,632","112,371",1.01,"225,758","121,168",1.86,"113,495","112,263",1.01,"225,371","121,056",1.86,"113,304","112,067",1.01,"225,159","121,075",1.86,"113,211","111,948",1.01,"224,924","121,026",1.86,"113,054","111,870",1.01
서울특별시 영등포구 (1156000000),"376,141","189,396",1.99,"184,840","191,301",0.97,"376,410","189,857",1.98,"184,956","191,454",0.97,"376,614","190,252",1.98,"184,973","191,641",0.97,"376,423","190,393",1.98,"184,827","191,596",0.96,"376,347","190,437",1.98,"184,761","191,586",0.96,"376,139","190,482",1.97,"184,615","191,524",0.96,"375,997","190,531",1.97,"184,522","191,475",0.96,"375,526","190,508",1.97,"184,189","191,337",0.96,"375,586","190,761",1.97,"184,175","191,411",0.96,"375,276","190,702",1.97,"184,010","191,266",0.96,"374,920","190,604",1.97,"183,803","191,117",0.96,"374,794","190,737",1.96,"183,726","191,068",0.96,"374,985","191,005",1.96,"183,769","191,216",0.96,"374,968","191,437",1.96,"183,591","191,377",0.96,"375,148","191,709",1.96,"183,680","191,468",0.96,"375,090","191,856",1.96,"183,600","191,490",0.96,"375,109","191,913",1.95,"183,547","191,562",0.96,"375,040","192,064",1.95,"183,512","191,528",0.96,"374,961","192,168",1.95,"183,422","191,539",0.96,"374,735","192,178",1.95,"183,246","191,489",0.96,"374,653","192,189",1.95,"183,189","191,464",0.96,"374,141","191,983",1.95,"183,001","191,140",0.96,"374,201","192,241",1.95,"183,006","191,195",0.96,"373,773","192,199",1.94,"182,802","190,971",0.96,"373,307","192,170",1.94,"182,615","190,692",0.96
서울특별시 동작구 (1159000000),"379,979","185,659",2.05,"183,746","196,233",0.94,"379,622","186,053",2.04,"183,606","196,016",0.94,"380,201","186,534",2.04,"183,900","196,301",0.94,"380,385","186,730",2.04,"184,072","196,313",0.94,"380,594","186,980",2.04,"184,116","196,478",0.94,"380,622","187,058",2.03,"184,103","196,519",0.94,"380,562","187,112",2.03,"184,127","196,435",0.94,"380,478","187,178",2.03,"184,062","196,416",0.94,"380,154","187,199",2.03,"183,880","196,274",0.94,"379,640","186,990",2.03,"183,620","196,020",0.94,"379,186","186,818",2.03,"183,420","195,766",0.94,"378,769","186,675",2.03,"183,153","195,616",0.94,"378,360","186,473",2.03,"182,934","195,426",0.94,"378,283","186,971",2.02,"182,915","195,368",0.94,"378,649","187,417",2.02,"183,036","195,613",0.94,"378,871","187,734",2.02,"183,129","195,742",0.94,"378,552","187,712",2.02,"183,015","195,537",0.94,"378,324","187,662",2.02,"182,931","195,393",0.94,"377,945","187,629",2.01,"182,646","195,299",0.94,"377,426","187,497",2.01,"182,333","195,093",0.93,"377,137","187,461",2.01,"182,205","194,932",0.93,"376,726","187,330",2.01,"181,979","194,747",0.93,"376,440","187,193",2.01,"181,886","194,554",0.93,"375,799","186,950",2.01,"181,576","194,223",0.93,"375,456","186,838",2.01,"181,356","194,100",0.93
서울특별시 관악구 (1162000000),"486,863","284,025",1.71,"244,740","242,123",1.01,"487,430","285,206",1.71,"245,125","242,305",1.01,"487,815","285,914",1.71,"245,376","242,439",1.01,"487,641","286,127",1.7,"245,231","242,410",1.01,"487,462","286,538",1.7,"245,217","242,245",1.01,"487,192","286,647",1.7,"245,081","242,111",1.01,"486,633","286,569",1.7,"244,793","241,840",1.01,"485,994","286,379",1.7,"244,539","241,455",1.01,"485,172","286,045",1.7,"244,198","240,974",1.01,"483,959","285,450",1.7,"243,673","240,286",1.01,"482,692","284,786",1.69,"242,985","239,707",1.01,"481,956","284,578",1.69,"242,651","239,305",1.01,"481,872","284,877",1.69,"242,598","239,274",1.01,"481,834","285,607",1.69,"242,703","239,131",1.01,"481,958","286,257",1.68,"242,765","239,193",1.01,"481,722","286,396",1.68,"242,633","239,089",1.01,"481,432","286,401",1.68,"242,426","239,006",1.01,"481,145","286,338",1.68,"242,251","238,894",1.01,"480,627","286,403",1.68,"242,010","238,617",1.01,"480,225","286,408",1.68,"241,852","238,373",1.01,"479,774","286,376",1.68,"241,605","238,169",1.01,"478,894","286,029",1.67,"241,128","237,766",1.01,"478,167","285,766",1.67,"240,716","237,451",1.01,"477,812","285,963",1.67,"240,457","237,355",1.01,"477,940","286,279",1.67,"240,565","237,375",1.01
서울특별시 서초구 (1165000000),"404,594","167,876",2.41,"193,221","211,373",0.91,"405,126","168,173",2.41,"193,397","211,729",0.91,"404,831","168,234",2.41,"193,158","211,673",0.91,"404,539","168,238",2.4,"192,932","211,607",0.91,"404,436","168,344",2.4,"192,875","211,561",0.91,"404,484","168,590",2.4,"192,850","211,634",0.91,"404,731","168,844",2.4,"192,945","211,786",0.91,"404,616","168,924",2.4,"192,847","211,769",0.91,"406,404","169,621",2.4,"193,703","212,701",0.91,"407,788","170,040",2.4,"194,384","213,404",0.91,"408,098","170,059",2.4,"194,526","213,572",0.91,"407,664","169,884",2.4,"194,291","213,373",0.91,"407,768","170,015",2.4,"194,231","213,537",0.91,"407,996","170,285",2.4,"194,232","213,764",0.91,"407,840","170,382",2.39,"194,116","213,724",0.91,"407,596","170,348",2.39,"193,966","213,630",0.91,"407,299","170,366",2.39,"193,802","213,497",0.91,"407,404","170,464",2.39,"193,838","213,566",0.91,"407,616","170,606",2.39,"193,937","213,679",0.91,"407,858","170,806",2.39,"194,011","213,847",0.91,"408,060","170,839",2.39,"194,085","213,975",0.91,"408,576","170,868",2.39,"194,274","214,302",0.91,"408,382","170,710",2.39,"194,172","214,210",0.91,"408,376","170,681",2.39,"194,153","214,223",0.91,"408,324","170,701",2.39,"194,124","214,200",0.91
서울특별시 강남구 (1168000000),"528,899","232,732",2.27,"252,977","275,922",0.92,"529,962","233,325",2.27,"253,498","276,464",0.92,"532,798","234,735",2.27,"254,811","277,987",0.92,"534,646","235,708",2.27,"255,637","279,009",0.92,"535,744","236,296",2.27,"256,095","279,649",0.92,"537,139","236,935",2.27,"256,737","280,402",0.92,"538,872","237,646",2.27,"257,631","281,241",0.92,"540,730","238,500",2.27,"258,464","282,266",0.92,"540,957","238,647",2.27,"258,656","282,301",0.92,"541,565","238,712",2.27,"258,897","282,668",0.92,"541,130","238,463",2.27,"258,700","282,430",0.92,"544,873","239,775",2.27,"260,520","284,353",0.92,"549,154","241,315",2.28,"262,618","286,536",0.92,"553,555","243,061",2.28,"264,695","288,860",0.92,"554,280","243,510",2.28,"265,082","289,198",0.92,"554,651","243,741",2.28,"265,347","289,304",0.92,"555,932","244,572",2.27,"265,807","290,125",0.92,"556,570","245,046",2.27,"266,101","290,469",0.92,"557,151","245,344",2.27,"266,448","290,703",0.92,"558,312","245,932",2.27,"267,035","291,277",0.92,"558,508","246,005",2.27,"267,096","291,412",0.92,"558,655","245,910",2.27,"267,129","291,526",0.92,"557,942","245,447",2.27,"266,731","291,211",0.92,"557,345","245,094",2.27,"266,412","290,933",0.92,"557,115","244,962",2.27,"266,239","290,876",0.92
서울특별시 송파구 (1171000000),"658,604","284,928",2.31,"317,063","341,541",0.93,"658,868","285,420",2.31,"317,024","341,844",0.93,"658,006","285,489",2.3,"316,564","341,442",0.93,"657,665","285,493",2.3,"316,356","341,309",0.93,"657,260","285,615",2.3,"316,082","341,178",0.93,"657,101","285,798",2.3,"316,010","341,091",0.93,"656,603","285,951",2.3,"315,715","340,888",0.93,"656,176","286,095",2.29,"315,487","340,689",0.93,"655,744","286,123",2.29,"315,224","340,520",0.93,"655,300","286,018",2.29,"314,985","340,315",0.93,"654,845","286,016",2.29,"314,665","340,180",0.92,"654,166","285,927",2.29,"314,347","339,819",0.93,"653,989","286,180",2.29,"314,189","339,800",0.92,"653,922","286,651",2.28,"314,043","339,879",0.92,"653,736","287,052",2.28,"313,887","339,849",0.92,"653,447","287,220",2.28,"313,669","339,778",0.92,"653,128","287,320",2.27,"313,474","339,654",0.92,"652,752","287,380",2.27,"313,205","339,547",0.92,"652,292","287,418",2.27,"312,916","339,376",0.92,"651,746","287,265",2.27,"312,613","339,133",0.92,"651,882","287,511",2.27,"312,684","339,198",0.92,"652,343","287,537",2.27,"312,804","339,539",0.92,"651,910","287,435",2.27,"312,616","339,294",0.92,"650,110","287,017",2.27,"311,728","338,382",0.92,"649,071","286,796",2.26,"311,160","337,911",0.92
서울특별시 강동구 (1174000000),"460,141","202,309",2.27,"225,281","234,860",0.96,"460,280","202,589",2.27,"225,280","235,000",0.96,"459,982","202,637",2.27,"225,091","234,891",0.96,"459,567","202,623",2.27,"224,899","234,668",0.96,"459,275","202,725",2.27,"224,690","234,585",0.96,"458,953","202,733",2.26,"224,491","234,462",0.96,"458,614","202,804",2.26,"224,297","234,317",0.96,"458,400","202,884",2.26,"224,100","234,300",0.96,"458,385","203,120",2.26,"224,075","234,310",0.96,"458,292","203,223",2.26,"223,930","234,362",0.96,"458,824","203,463",2.26,"224,240","234,584",0.96,"459,167","203,734",2.25,"224,423","234,744",0.96,"459,389","203,950",2.25,"224,450","234,939",0.96,"460,515","204,606",2.25,"224,986","235,529",0.96,"461,367","205,071",2.25,"225,275","236,092",0.95,"461,921","205,380",2.25,"225,525","236,396",0.95,"462,219","205,658",2.25,"225,656","236,563",0.95,"462,646","205,956",2.25,"225,871","236,775",0.95,"463,550","206,631",2.24,"226,299","237,251",0.95,"464,835","207,239",2.24,"226,983","237,852",0.95,"465,090","207,384",2.24,"227,021","238,069",0.95,"465,807","207,688",2.24,"227,370","238,437",0.95,"468,284","208,850",2.24,"228,578","239,706",0.95,"476,942","212,585",2.24,"232,862","244,080",0.95,"484,301","215,368",2.25,"236,499","247,802",0.95
